<?xml version="1.0" encoding="UTF-8"?>
<projectExecutionInfo id="2948" name="2948" type="2948" appId="PUR-01">
    <user devId="US-10021" devName="bhuvaneshwari.rajendran@vyasaka.in" qaId="1003" qaName="saravanan.rajendran@vyasaka.in"/>
    <assignmentHistory>
        <assignment activity="dev-download" date="2016-08-26T13:13:18.775+05:30" userId="" userName=""/>
        <assignment activity="dev-published" date="2016-08-26T14:59:47.071+05:30" userId="health-bangaluru-bhuvaneshwarirajendranvyasakain" userName="health-bangaluru-bhuvaneshwarirajendranvyasakain"/>
    </assignmentHistory>
    <startDate>2016-08-25</startDate>
    <context>health.bangalore.vyasaka.net-studio</context>
    <status>Completed</status>
    <milestones>
        <milestone/>
        <milestone/>
        <milestone/>
    </milestones>
    <plannedCompletionDate>2016-08-25</plannedCompletionDate>
    <completionDate/>
    <reviewDate/>
    <closureDate/>
    <commend type="dev-download">changes done</commend>
    <issues>
        <issue id="" subject="" assign="true" estimated_hours="">
            <commends/>
            <timeSheets>
                
            </timeSheets>
        </issue>
    </issues>
    <rating type="completion">
        <qualityAttribute name="process-knowledge" weightage="" score="0">
            <factor name="one" weightage="" score="0"/>
            <factor name="two" weightage="" score="0"/>
            <factor name="three" weightage="" score="0"/>
            <factor name="four" weightage="" score="0"/>
            <factor name="five" weightage="" score="0"/>
            <commends/>
        </qualityAttribute>
    </rating>
</projectExecutionInfo>