<?xml version="1.0" encoding="UTF-8"?>
<!--<meta-data>--><!--    <elementDetail>--><!--        <element type="string" inputType="dynamic-list" id="poNo">PurchaseOrder No</element>--><!--    </elementDetail>--><!--</meta-data>-->
<meta-data>
    <elements>
        <element type="string" name="$purchaseOrder//" inputType="dynamic-list" id="poNo">Order No</element>
    </elements>
    <elementDetail>
        <elementData id="poNo" type="query" dataType="query">
            <query>let $conf := doc('../../../conf.xml')
let $x:=util:import-module($conf/config/appServices/service[@name="locator"]/nameSpace,"locator",$conf/config/appServices/service[@name="locator"]/location)
let $dataLocation := util:eval("locator:getDataPath('purchaseOrderGeneration')")
            for $id in collection($dataLocation)//poNo return $id</query>
            <variable name="purchaseOrder" type="dataKey"/>
        </elementData>
    </elementDetail>
    <operators>
        <operator type="string" id="poNo" status="nonQuery">
            <key id="=">Is</key>
            <key id="!=">Is Not</key>
        </operator>
    </operators>
</meta-data>