<?xml version="1.0" encoding="UTF-8"?>
<organization id="">
    <Name>Apollo Pharmacy,</Name>
    <address>
        <line1>Apollo Hospitals Enterprises Ltd,</line1>
        <line2>No.96, Rabiammal Ahamed Maidden Building,</line2>
        <line3>2nd Floor, Greams Road, Next to Canara Bank,</line3>
        <line4>Thousand Lights,</line4>
        <line5>Chennai</line5>
        <line6>600 006</line6>
    </address>
    <contact>
        <email>info@apollopharmacy.in</email>
        <mobile1>81899 87771</mobile1>
        <mobile2>81899 87775</mobile2>
        <office>044-31900773</office>
        <tinNo>33980924884</tinNo>
        <cstNo>891013 dt 11/1/2007</cstNo>
    </contact>
</organization>