<?xml version="1.0" encoding="UTF-8"?>
<purchaseOrder>
    <poNo/>
    <poDate/>
    <supplier id="" name=""/>
    <reference>
        <saleOrder no="" date=""/>
        <jobcard no="" date=""/>
    </reference>
    <stockItems>
        <stockItem select="false" itemNo="" name="" description="" quantity="" unitPrice=""/>
    </stockItems>
    <notes/>
    <status currentStatus="">
        <received date="" id="" name="" reference=""/>
        <cancelled date="" id="" name="" reason=""/>
        <paid date="" refId=""/>
    </status>
</purchaseOrder>