<?xml version="1.0" encoding="UTF-8"?>
<appInfo>
    <appId>PUR-01</appId>
    <appName>Purchase Order</appName>
    <formName>purchaseOrder.xhtml</formName>
    <module>Purchase</module>
<!--    <content layout="1-0">-->
<!--        <fragment fragmentId="prjmgmt" type="xform" loc="/purchaseOrder" src="purchaseOrder.xhtml"/>-->
<!--        <fragment fragmentId="prjmgmt" type="xform" loc="/home" src="filter.xhtml"/>-->
<!--        <fragment fragmentId="prjmgmt" type="xform" loc="/purchaseOrder" src="settings.xhtml"/>-->
<!--        <fragment fragmentId="prjmgmt" type="xform" loc="/syncData" src="syncData.xhtml"/>-->
<!--    </content>-->
    <ActiveStatus/>
    <version>1.0.0</version>
    <appLocation>/purchaseOrder</appLocation>
    <subscribedDate/>
    <subscribedBy/>
    <overview/>
    <description/>
    <themes-support>
        <theme id="vya-streamlined">
            <content layout="1-0">
                <fragment display="article" fragmentId="prjmgmt" type="xform" loc="/PUR-01" src="purchaseOrder.xhtml"/>
                <fragment display="article" fragmentId="prjmgmt" type="xform" loc="/PUR-01" src="settings.xhtml"/>
                <fragment fragmentId="prjmgmt" type="xform" loc="/syncData" src="syncData.xhtml"/>
            </content>
        </theme>
        <theme id="AdminLTE-master">
            <content layout="1-0">
                <fragment display="article" fragmentId="prjmgmt" type="xform" loc="/purchaseOrder" src="purchaseOrder-adminLTE.xhtml"/>
<!--                <fragment display="article" fragmentId="prjmgmt" type="xform" loc="/purchaseOrder" src="settings.xhtml"/>-->
                <fragment fragmentId="prjmgmt" type="xform" loc="/syncData" src="syncData.xhtml"/>
            </content>
        </theme>
    </themes-support>
    <smallImage/>
    <largeImage/>
    <price>
        <subscriptionCost/>
        <transactionUnit/>
        <transactionRate/>
    </price>
    <screenShots>
        <screenShot/>
        <screenShot/>
        <screenShot/>
    </screenShots>
    <videos>
        <video/>
        <video/>
        <video/>
    </videos>
</appInfo>