<?xml version="1.0" encoding="UTF-8"?>
<dataMapping>
    <app id="PUR-01" name="purchaseOrderGeneration">
        <data key="purchaseOrderGeneration">
            <directory platform="true" solution="false" key="true" others=""/>
            <log-transaction enable="false">
                <appId/>
                <appName/>
                <titleLink/>
                <title/>
                <description/>
                <param1/>
                <param2/>
                <param3/>
            </log-transaction>
        </data>
    </app>
</dataMapping>