<?xml version="1.0" encoding="UTF-8"?>
<collection xmlns="http://exist-db.org/collection-config/1.0">
    <triggers>
        <trigger event="update, create, delete" class="org.exist.collections.triggers.XQueryTrigger">
            <parameter name="url" value="xmldb:exist:///db/platforms//home/services/log-transaction.xq"/>
            <parameter name="url" value="xmldb:exist:///db/platforms//home/services/log-transaction.xq"/>
            <parameter name="url" value="xmldb:exist:///db/platforms//home/services/log-transaction.xq"/>
            <parameter name="url" value="xmldb:exist:///db/platforms//home/services/log-transaction.xq"/>
            <parameter name="url" value="xmldb:exist:///db/platforms//home/services/log-transaction.xq"/>
            <parameter name="url" value="xmldb:exist:///db/platforms//home/services/log-transaction.xq"/>
        </trigger>
    </triggers>
</collection>