<?xml version="1.0" encoding="UTF-8"?>
<license>
    <generalInfo>
        <regNo>RN-480031</regNo>
        <orderNo>ORDNO-357</orderNo>
        <serviceId>PUR-01</serviceId>
        <serviceType>OneWay-C2S</serviceType> <!-- OneWay-C2S/OneWay-S2C/TwoWay -->
    </generalInfo>
    <licenseInfo>
        <licenceNo>LN-001</licenceNo>
        <issuedDate>2013-06-07</issuedDate>
        <distributionType>demo</distributionType>
        <validity>
            <startDate>2013-06-07</startDate>
            <endDate>2013-08-01</endDate>
        </validity>
    </licenseInfo>
    <customerInfo>
        <subscriberName>Ganesh</subscriberName>
        <organizationName/>
        <mailAddress/>
        <state>Tamil Nadu</state>
        <city/>
        <pincode/>
        <email>abc@gmail.com</email>
        <phone>91234934</phone>
        <city>Madurai</city>
        <state/>
        <country/>
    </customerInfo>
    <repository>
        <host>platform.vyasaka.in</host>
        <port>80</port>
        <context>platform/remoteService</context>
        <service>savePurchaseorderInfo</service>
    </repository>
    <authInfo>
        <loginName>ganesh</loginName>
        <password>ganesh</password>
    </authInfo>
</license>