<?xml version="1.0" encoding="UTF-8"?>
<requestMapping>
    <app appId="PUR-01" name="Purchase Order"/>
    <actions>
        <action name="list">
            <app appId="PUR-01" name="Purchase Order"/>
            <pattern>purchaseOrder/list</pattern>
            <label>Search Purchase Order</label>
        </action>
        <action name="create">
            <app appId="PUR-01" name="Purchase Order"/>
            <pattern>purchaseOrder/create</pattern>
            <label>Create New Purchase Order</label>
        </action>
        <action name="view">
            <app appId="PUR-01" name="Purchase Order"/>
            <pattern>purchaseOrder/view</pattern>
            <label>View</label>
            <parameters>
                <parameter name="dummy"/>
            </parameters>
        </action>
        <action name="edit">
            <app appId="PUR-01" name="Purchase Order"/>
            <pattern>purchaseOrder/edit</pattern>
            <label>Edit</label>
            <parameters>
                <parameter name="dummy"/>
            </parameters>
        </action>
        <action name="delete">
            <app appId="PUR-01" name="Purchase Order"/>
            <pattern>purchaseOrder/delete</pattern>
            <label>Delete</label>
            <parameters>
                <parameter name="dummy"/>
            </parameters>
        </action>
    </actions>
</requestMapping>