<?xml version="1.0" encoding="UTF-8"?>
<serviceMapping>
    <mapping id="STR-24" name="getBusinessSolutionPackages">
    description goes here
    </mapping>
    <services>
        <service id="STR-24" name="getBusinessSolutionPackages">
            <pattern>getBusinessSolutionPackages</pattern>
            <description/>
            <parameters>
                <parameter name="pattern"/>
            </parameters>
        </service>
    </services>
    <services>
        <service id="PUR-01" name="getSupplier">
            <pattern>purchaseOrder/list</pattern>
            <description/>
            <parameters>
                <parameter name="pattern"/>
            </parameters>
        </service>
    </services>
    <services>
        <service id="PUR-01" name="getSuggestnoList">
            <pattern>purchaseOrder/list</pattern>
            <description/>
            <parameters>
                <parameter name="pattern"/>
            </parameters>
        </service>
    </services>
    <services>
        <service id="PUR-01" name="getSuggestList">
            <pattern>purchaseOrder/list</pattern>
            <description/>
            <parameters>
                <parameter name="pattern"/>
            </parameters>
        </service>
    </services>
</serviceMapping>