<?xml version="1.0" encoding="UTF-8"?>
<serviceMapping>
    <service id="PUR-01" name="purchase order"/>
    <services>
        <service id="PUR-01-01" name="purchaseList">
            <pattern>purchaseList</pattern>
            <label>purchaseList</label>
            <description/>
            <parameters>
                <parameter name="purchaseList"/>
            </parameters>
        </service>
        <service id="PUR-01-01" name="purchaseList">
            <pattern>[*]*/purchaseList</pattern>
            <label>purchaseList</label>
            <description/>
            <parameters>
                <parameter name="account"/>
                <parameter name="purchaseList"/>
            </parameters>
        </service>
    </services>
</serviceMapping>